auprc,auroc,cell,context_kernel_norm,cross_variable_leakage,data_seed,f1,gate_mean,gate_std,identity_deviation,max_iter,mcc,method,mse,root,run_id,temporal_mass_median,train_seed,wall_seconds
0.8837152777777778,0.8920454545454546,NS+Linear,,0.0,0,0.75,0.09709018468856812,,0.005835368763655424,500,0.6590909090909091,adaptive_fir,0.01547493226826191,gpu_d2_it500_round1,d2__NS_Linear__adaptive_fir__ds0__ts0__it500,0.02861356537945397,0,12.608675099909306
0.5236187423687423,0.8125,NS+Linear,,0.0,101,0.3333333333333333,0.09328872710466385,,0.005332296248525381,500,0.16666666666666666,adaptive_fir,0.017408793792128563,gpu_d2_it500_round1,d2__NS_Linear__adaptive_fir__ds101__ts0__it500,0.02569940656479265,0,12.573359399917535
0.5940972222222222,0.9134615384615384,NS+Linear,,0.0,102,0.5,0.09716198593378067,,0.006390349939465523,500,0.4230769230769231,adaptive_fir,0.019252518191933632,gpu_d2_it500_round1,d2__NS_Linear__adaptive_fir__ds102__ts0__it500,0.0276485459635389,0,12.624186400091276
0.9206845238095238,0.9261363636363636,NS+Linear,,0.0,0,0.875,,,0.0,500,0.8295454545454546,baseline,0.015223510563373566,gpu_d2_it500_round1,d2__NS_Linear__baseline__ds0__ts0__it500,0.0,0,5.720240599941462
0.5290343915343915,0.826388888888889,NS+Linear,,0.0,101,0.3333333333333333,,,0.0,500,0.16666666666666666,baseline,0.017331363633275032,gpu_d2_it500_round1,d2__NS_Linear__baseline__ds101__ts0__it500,0.0,0,5.73062230006326
0.6357638888888889,0.9230769230769231,NS+Linear,,0.0,102,0.5,,,0.0,500,0.4230769230769231,baseline,0.01933932863175869,gpu_d2_it500_round1,d2__NS_Linear__baseline__ds102__ts0__it500,0.0,0,5.759041400044225
0.9285130718954249,0.9431818181818182,NS+Linear,,0.0,0,0.875,,,7.591013127239421e-05,500,0.8295454545454546,cp_depthwise,0.015261458232998848,gpu_d2_it500_round1,d2__NS_Linear__cp_depthwise__ds0__ts0__it500,0.0045009854549677465,0,17.58718469995074
0.5407196969696969,0.8194444444444445,NS+Linear,,0.0,101,0.5,,,0.00013565189146902412,500,0.375,cp_depthwise,0.017271380871534348,gpu_d2_it500_round1,d2__NS_Linear__cp_depthwise__ds101__ts0__it500,0.005297896554659591,0,17.6053694000002
0.625,0.9134615384615384,NS+Linear,,0.0,102,0.5,,,0.00017909238522406667,500,0.4230769230769231,cp_depthwise,0.019317932426929474,gpu_d2_it500_round1,d2__NS_Linear__cp_depthwise__ds102__ts0__it500,0.008662702194398377,0,17.548105099936947
0.8399549755799756,0.8750000000000001,NS+Linear,,0.0,0,0.75,,,0.006595651153475046,500,0.6590909090909091,fixed_fir3,0.015308876521885395,gpu_d2_it500_round1,d2__NS_Linear__fixed_fir3__ds0__ts0__it500,0.029067270274654652,0,7.245763599989004
0.5191926129426129,0.8055555555555555,NS+Linear,,0.0,101,0.3333333333333333,,,0.006545079872012138,500,0.16666666666666666,fixed_fir3,0.01743808388710022,gpu_d2_it500_round1,d2__NS_Linear__fixed_fir3__ds101__ts0__it500,0.02971401567508828,0,7.207845799974166
0.5940972222222222,0.9134615384615384,NS+Linear,,0.0,102,0.5,,,0.006619324441999197,500,0.4230769230769231,fixed_fir3,0.019287334755063057,gpu_d2_it500_round1,d2__NS_Linear__fixed_fir3__ds102__ts0__it500,0.03035037867546781,0,7.202807300025597
0.7618709415584415,0.8693181818181818,NS+Nonlinear,,0.0,0,0.625,0.09744163602590561,,0.005938083864748478,500,0.48863636363636365,adaptive_fir,0.01616121269762516,gpu_d2_it500_round1,d2__NS_Nonlinear__adaptive_fir__ds0__ts0__it500,0.028181539732991475,0,12.583245799993165
0.554134267292162,0.8125,NS+Nonlinear,,0.0,101,0.5,0.09467288851737976,,0.005592769011855125,500,0.375,adaptive_fir,0.017776483669877052,gpu_d2_it500_round1,d2__NS_Nonlinear__adaptive_fir__ds101__ts0__it500,0.026707511660101216,0,12.608585100038908
0.4515151515151515,0.8076923076923077,NS+Nonlinear,,0.0,102,0.25,0.09792245179414749,,0.006459301337599754,500,0.1346153846153846,adaptive_fir,0.01956099458038807,gpu_d2_it500_round1,d2__NS_Nonlinear__adaptive_fir__ds102__ts0__it500,0.027631078078738477,0,12.617379900068045
0.7073051948051947,0.8693181818181818,NS+Nonlinear,,0.0,0,0.75,,,0.0,500,0.6590909090909091,baseline,0.015145593322813511,gpu_d2_it500_round1,d2__NS_Nonlinear__baseline__ds0__ts0__it500,0.0,0,5.756523000076413
0.5163710235960876,0.7430555555555555,NS+Nonlinear,,0.0,101,0.5,,,0.0,500,0.375,baseline,0.017165616154670715,gpu_d2_it500_round1,d2__NS_Nonlinear__baseline__ds101__ts0__it500,0.0,0,5.739749199943617
0.5323593073593074,0.875,NS+Nonlinear,,0.0,102,0.5,,,0.0,500,0.4230769230769231,baseline,0.01955939084291458,gpu_d2_it500_round1,d2__NS_Nonlinear__baseline__ds102__ts0__it500,0.0,0,5.727443299954757
0.7661120129870129,0.8806818181818182,NS+Nonlinear,,0.0,0,0.75,,,6.053075412637554e-05,500,0.6590909090909091,cp_depthwise,0.01524772122502327,gpu_d2_it500_round1,d2__NS_Nonlinear__cp_depthwise__ds0__ts0__it500,0.003446037543633612,0,17.60002919996623
0.5273479681727763,0.7361111111111112,NS+Nonlinear,,0.0,101,0.5,,,0.0001421766501152888,500,0.375,cp_depthwise,0.017149869352579117,gpu_d2_it500_round1,d2__NS_Nonlinear__cp_depthwise__ds101__ts0__it500,0.005758932425594882,0,17.601866299984977
0.49679383116883113,0.8557692307692307,NS+Nonlinear,,0.0,102,0.25,,,0.0001484446256654337,500,0.1346153846153846,cp_depthwise,0.019529351964592934,gpu_d2_it500_round1,d2__NS_Nonlinear__cp_depthwise__ds102__ts0__it500,0.007504017649036251,0,17.5855295000365
0.778213141025641,0.8238636363636365,NS+Nonlinear,,0.0,0,0.625,,,0.0065759154967963696,500,0.48863636363636365,fixed_fir3,0.015998996794223785,gpu_d2_it500_round1,d2__NS_Nonlinear__fixed_fir3__ds0__ts0__it500,0.028858327767120315,0,7.202784900087863
0.577989043120622,0.8125000000000001,NS+Nonlinear,,0.0,101,0.5,,,0.006551112048327923,500,0.375,fixed_fir3,0.01782754808664322,gpu_d2_it500_round1,d2__NS_Nonlinear__fixed_fir3__ds101__ts0__it500,0.02857885375404732,0,7.198424099944532
0.5312271062271061,0.8557692307692307,NS+Nonlinear,,0.0,102,0.5,,,0.006594980135560036,500,0.4230769230769231,fixed_fir3,0.01951545476913452,gpu_d2_it500_round1,d2__NS_Nonlinear__fixed_fir3__ds102__ts0__it500,0.030012414173346012,0,7.193041400052607
0.614102355977356,0.7954545454545455,Stat+Linear,,0.0,0,0.625,0.09729834645986557,,0.005845292937010527,500,0.48863636363636365,adaptive_fir,0.01586763933300972,gpu_d2_it500_round1,d2__Stat_Linear__adaptive_fir__ds0__ts0__it500,0.03024431157301242,0,12.613476800033823
0.5555194805194805,0.8541666666666666,Stat+Linear,,0.0,101,0.3333333333333333,0.09433900564908981,,0.005536345764994621,500,0.16666666666666666,adaptive_fir,0.017742611467838287,gpu_d2_it500_round1,d2__Stat_Linear__adaptive_fir__ds101__ts0__it500,0.025879658120643783,0,12.572027300018817
0.7132575757575756,0.9038461538461539,Stat+Linear,,0.0,102,0.5,0.09762195497751236,,0.006491194944828749,500,0.4230769230769231,adaptive_fir,0.01930985413491726,gpu_d2_it500_round1,d2__Stat_Linear__adaptive_fir__ds102__ts0__it500,0.025013229765802912,0,12.741649799980223
0.5462426085388041,0.7897727272727273,Stat+Linear,,0.0,0,0.625,,,0.0,500,0.48863636363636365,baseline,0.015189520083367825,gpu_d2_it500_round1,d2__Stat_Linear__baseline__ds0__ts0__it500,0.0,0,7.171916100080125
0.5148300773300774,0.8125,Stat+Linear,,0.0,101,0.3333333333333333,,,0.0,500,0.16666666666666666,baseline,0.017289184033870697,gpu_d2_it500_round1,d2__Stat_Linear__baseline__ds101__ts0__it500,0.0,0,5.736000100034289
0.8416666666666667,0.9423076923076923,Stat+Linear,,0.0,102,0.75,,,0.0,500,0.7115384615384616,baseline,0.01961737498641014,gpu_d2_it500_round1,d2__Stat_Linear__baseline__ds102__ts0__it500,0.0,0,5.717256600037217
0.49702287446852667,0.7556818181818181,Stat+Linear,,0.0,0,0.5,,,2.3934382625157014e-05,500,0.3181818181818182,cp_depthwise,0.015226339921355247,gpu_d2_it500_round1,d2__Stat_Linear__cp_depthwise__ds0__ts0__it500,0.0019539709043053547,0,18.275588999968022
0.5494574869574869,0.8333333333333334,Stat+Linear,,0.0,101,0.5,,,0.00014767461107112467,500,0.375,cp_depthwise,0.01730925776064396,gpu_d2_it500_round1,d2__Stat_Linear__cp_depthwise__ds101__ts0__it500,0.0054712334380706325,0,17.57351070002187
0.7399305555555555,0.9326923076923077,Stat+Linear,,0.0,102,0.5,,,0.00014697029837407172,500,0.4230769230769231,cp_depthwise,0.019451910629868507,gpu_d2_it500_round1,d2__Stat_Linear__cp_depthwise__ds102__ts0__it500,0.007694334688753123,0,17.56947639991995
0.47396789125729344,0.7784090909090909,Stat+Linear,,0.0,0,0.625,,,0.00657951133325696,500,0.48863636363636365,fixed_fir3,0.015430403873324394,gpu_d2_it500_round1,d2__Stat_Linear__fixed_fir3__ds0__ts0__it500,0.03170284207632137,0,7.177559499978088
0.5308170995670995,0.8333333333333334,Stat+Linear,,0.0,101,0.3333333333333333,,,0.00653923861682415,500,0.16666666666666666,fixed_fir3,0.01775107905268669,gpu_d2_it500_round1,d2__Stat_Linear__fixed_fir3__ds101__ts0__it500,0.028161395558181312,0,7.226705199922435
0.7132575757575756,0.9038461538461539,Stat+Linear,,0.0,102,0.5,,,0.0066058943048119545,500,0.4230769230769231,fixed_fir3,0.019327014684677124,gpu_d2_it500_round1,d2__Stat_Linear__fixed_fir3__ds102__ts0__it500,0.02788066081751244,0,7.269039400038309
0.5982101393188853,0.8011363636363638,Stat+Nonlinear,,0.0,0,0.5,0.09753698855638504,,0.00591611722484231,500,0.3181818181818182,adaptive_fir,0.015354001894593239,gpu_d2_it500_round1,d2__Stat_Nonlinear__adaptive_fir__ds0__ts0__it500,0.03032216949002695,0,12.666427699965425
0.5382492690058479,0.7708333333333333,Stat+Nonlinear,,0.0,101,0.5,0.0945226326584816,,0.0055903485044837,500,0.375,adaptive_fir,0.017844781279563904,gpu_d2_it500_round1,d2__Stat_Nonlinear__adaptive_fir__ds101__ts0__it500,0.027017572197853792,0,12.60577570006717
0.7072115384615384,0.8942307692307692,Stat+Nonlinear,,0.0,102,0.5,0.09800896793603897,,0.006469068117439747,500,0.4230769230769231,adaptive_fir,0.01971512660384178,gpu_d2_it500_round1,d2__Stat_Nonlinear__adaptive_fir__ds102__ts0__it500,0.02604482175196719,0,12.616048399941064
0.4160517144892145,0.7329545454545455,Stat+Nonlinear,,0.0,0,0.625,,,0.0,500,0.48863636363636365,baseline,0.015221293084323406,gpu_d2_it500_round1,d2__Stat_Nonlinear__baseline__ds0__ts0__it500,0.0,0,5.724659999948926
0.4934563021519543,0.7152777777777778,Stat+Nonlinear,,0.0,101,0.5,,,0.0,500,0.375,baseline,0.017197392880916595,gpu_d2_it500_round1,d2__Stat_Nonlinear__baseline__ds101__ts0__it500,0.0,0,5.736304399906658
0.7072115384615384,0.8942307692307692,Stat+Nonlinear,,0.0,102,0.5,,,0.0,500,0.4230769230769231,baseline,0.019580569118261337,gpu_d2_it500_round1,d2__Stat_Nonlinear__baseline__ds102__ts0__it500,0.0,0,5.731186399934813
0.39521672771672767,0.7272727272727272,Stat+Nonlinear,,0.0,0,0.5,,,6.237735215108842e-05,500,0.3181818181818182,cp_depthwise,0.01496487483382225,gpu_d2_it500_round1,d2__Stat_Nonlinear__cp_depthwise__ds0__ts0__it500,0.0030768413406989164,0,17.589494699961506
0.4656785243741765,0.6944444444444443,Stat+Nonlinear,,0.0,101,0.3333333333333333,,,0.00015026434266474098,500,0.16666666666666666,cp_depthwise,0.01717914640903473,gpu_d2_it500_round1,d2__Stat_Nonlinear__cp_depthwise__ds101__ts0__it500,0.005708107863699029,0,17.58765149989631
0.7020604395604395,0.8846153846153846,Stat+Nonlinear,,0.0,102,0.5,,,0.00016621508984826505,500,0.4230769230769231,cp_depthwise,0.019552605226635933,gpu_d2_it500_round1,d2__Stat_Nonlinear__cp_depthwise__ds102__ts0__it500,0.007990756462746952,0,17.579595199902542
0.5198351112513516,0.7386363636363636,Stat+Nonlinear,,0.0,0,0.625,,,0.006565785501152277,500,0.48863636363636365,fixed_fir3,0.015214215964078903,gpu_d2_it500_round1,d2__Stat_Nonlinear__fixed_fir3__ds0__ts0__it500,0.030379971034485177,0,7.236124399933033
0.5615537240537241,0.8194444444444445,Stat+Nonlinear,,0.0,101,0.5,,,0.006545834243297577,500,0.375,fixed_fir3,0.01804603450000286,gpu_d2_it500_round1,d2__Stat_Nonlinear__fixed_fir3__ds101__ts0__it500,0.03038027436990668,0,7.256370399962179
0.7687499999999999,0.9326923076923077,Stat+Nonlinear,,0.0,102,0.75,,,0.006583712063729763,500,0.7115384615384616,fixed_fir3,0.01980847679078579,gpu_d2_it500_round1,d2__Stat_Nonlinear__fixed_fir3__ds102__ts0__it500,0.030138551061030777,0,7.249739199993201
0.8871116051822574,0.9034090909090909,NS+Linear,0.6108728051185608,0.0,0,0.75,0.09727469086647034,0.0038512195460498333,0.005937245208770037,500,0.6590909090909091,contextual_fir,0.016405295580625534,gpu_d2_contextual_it500,d2__NS_Linear__contextual_fir__ds0__ts0__it500,0.028602004231003376,0,13.888702299911529
0.5236187423687423,0.8125,NS+Linear,0.7377397418022156,0.0,101,0.3333333333333333,0.09342341870069504,0.008130698464810848,0.005393190775066614,500,0.16666666666666666,contextual_fir,0.017406176775693893,gpu_d2_contextual_it500,d2__NS_Linear__contextual_fir__ds101__ts0__it500,0.02618591713025769,0,13.672971399966627
0.5940972222222222,0.9134615384615384,NS+Linear,0.5464794635772705,0.0,102,0.5,0.09711506962776184,0.007203091401606798,0.006417206488549709,500,0.4230769230769231,contextual_fir,0.019258052110671997,gpu_d2_contextual_it500,d2__NS_Linear__contextual_fir__ds102__ts0__it500,0.02752914305257357,0,14.05491070006974
0.7318041698798278,0.8522727272727273,NS+Nonlinear,0.5602012872695923,0.0,0,0.625,0.09754467755556107,0.004443954676389694,0.005967668257653713,500,0.48863636363636365,contextual_fir,0.01619778946042061,gpu_d2_contextual_it500,d2__NS_Nonlinear__contextual_fir__ds0__ts0__it500,0.0283044087907525,0,13.815760600031354
0.5291801335918983,0.8125,NS+Nonlinear,0.7350910305976868,0.0,101,0.5,0.09472880512475967,0.007910729385912418,0.005630513187497854,500,0.375,contextual_fir,0.01773611456155777,gpu_d2_contextual_it500,d2__NS_Nonlinear__contextual_fir__ds101__ts0__it500,0.026918452103287437,0,13.802549700019881
0.5139652014652014,0.8461538461538461,NS+Nonlinear,0.55341637134552,0.0,102,0.5,0.09772923588752747,0.00745033286511898,0.006560413166880608,500,0.4230769230769231,contextual_fir,0.01949026808142662,gpu_d2_contextual_it500,d2__NS_Nonlinear__contextual_fir__ds102__ts0__it500,0.02744646162964445,0,14.054871800006367
0.45954755008063825,0.7727272727272727,Stat+Linear,0.6264533400535583,0.0,0,0.625,0.09719313681125641,0.003931032959371805,0.005818897392600775,500,0.48863636363636365,contextual_fir,0.015474214218556881,gpu_d2_contextual_it500,d2__Stat_Linear__contextual_fir__ds0__ts0__it500,0.03031055373564207,0,16.103105599991977
0.6106661856661857,0.8888888888888888,Stat+Linear,0.7204396724700928,0.0,101,0.5,0.09485479444265366,0.008409852162003517,0.00567943649366498,500,0.375,contextual_fir,0.017895139753818512,gpu_d2_contextual_it500,d2__Stat_Linear__contextual_fir__ds101__ts0__it500,0.026832073838238667,0,13.867430100101046
0.7467948717948717,0.9038461538461539,Stat+Linear,0.6134563088417053,0.0,102,0.75,0.09772785007953644,0.00729016400873661,0.006557415705174208,500,0.7115384615384616,contextual_fir,0.019472932443022728,gpu_d2_contextual_it500,d2__Stat_Linear__contextual_fir__ds102__ts0__it500,0.026323095620509752,0,13.927170300041325
0.5798876019706128,0.7954545454545454,Stat+Nonlinear,0.6568498611450195,0.0,0,0.5,0.09760525822639465,0.0036553614772856236,0.005961480084806681,500,0.3181818181818182,contextual_fir,0.015313825570046902,gpu_d2_contextual_it500,d2__Stat_Nonlinear__contextual_fir__ds0__ts0__it500,0.030298607841511668,0,14.11673010000959
0.5450385563582157,0.7777777777777778,Stat+Nonlinear,0.6874943375587463,0.0,101,0.5,0.09460911154747009,0.00771285267546773,0.005633748602122068,500,0.375,contextual_fir,0.017827507108449936,gpu_d2_contextual_it500,d2__Stat_Nonlinear__contextual_fir__ds101__ts0__it500,0.027077942263846605,0,13.675595800043084
0.7072115384615384,0.8942307692307692,Stat+Nonlinear,0.5054082870483398,0.0,102,0.5,0.0978606715798378,0.006497018504887819,0.006473466753959656,500,0.4230769230769231,contextual_fir,0.019694797694683075,gpu_d2_contextual_it500,d2__Stat_Nonlinear__contextual_fir__ds102__ts0__it500,0.026127852680595764,0,14.038999699987471
0.3836293235749757,0.7045454545454546,NS+Nonlinear,,0.0,0,0.25,0.07763709872961044,,0.0035050467122346163,2000,-0.022727272727272728,adaptive_fir,0.007885432802140713,gpu_d2_it2000_bounded,d2__NS_Nonlinear__adaptive_fir__ds0__ts0__it2000,0.0178358730629394,0,48.66266400006134
0.5561067019400352,0.7430555555555557,NS+Nonlinear,,0.0,101,0.5,0.07317518442869186,,0.00292755919508636,2000,0.375,adaptive_fir,0.010539733804762363,gpu_d2_it2000_bounded,d2__NS_Nonlinear__adaptive_fir__ds101__ts0__it2000,0.019515803361878754,0,48.50979330006521
0.45823412698412697,0.7019230769230771,NS+Nonlinear,,0.0,102,0.25,0.07317755371332169,,0.004352991934865713,2000,0.1346153846153846,adaptive_fir,0.011578017845749855,gpu_d2_it2000_bounded,d2__NS_Nonlinear__adaptive_fir__ds102__ts0__it2000,0.01645607750283924,0,48.55078340007458
0.5032563019840497,0.75,NS+Nonlinear,,0.0,0,0.5,,,0.0,2000,0.3181818181818182,baseline,0.00934757199138403,gpu_d2_it2000_bounded,d2__NS_Nonlinear__baseline__ds0__ts0__it2000,0.0,0,22.035530900000595
0.6531635802469136,0.7430555555555557,NS+Nonlinear,,0.0,101,0.5,,,0.0,2000,0.375,baseline,0.010874115861952305,gpu_d2_it2000_bounded,d2__NS_Nonlinear__baseline__ds101__ts0__it2000,0.0,0,21.886228500050493
0.5772418478260869,0.6826923076923078,NS+Nonlinear,,0.0,102,0.5,,,0.0,2000,0.4230769230769231,baseline,0.012638550251722336,gpu_d2_it2000_bounded,d2__NS_Nonlinear__baseline__ds102__ts0__it2000,0.0,0,21.95883239991963
0.3253758491035968,0.6761363636363636,NS+Nonlinear,,0.0,0,0.375,,,0.0065759154967963696,2000,0.14772727272727273,fixed_fir3,0.009932690300047398,gpu_d2_it2000_bounded,d2__NS_Nonlinear__fixed_fir3__ds0__ts0__it2000,0.028579763999119837,0,27.04099969996605
0.5142790688843321,0.7430555555555556,NS+Nonlinear,,0.0,101,0.6666666666666666,,,0.006551112048327923,2000,0.5833333333333334,fixed_fir3,0.01023941207677126,gpu_d2_it2000_bounded,d2__NS_Nonlinear__fixed_fir3__ds101__ts0__it2000,0.026504085769091613,0,27.015285599976778
0.6062400318979266,0.778846153846154,NS+Nonlinear,,0.0,102,0.5,,,0.006594980135560036,2000,0.4230769230769231,fixed_fir3,0.013130605220794678,gpu_d2_it2000_bounded,d2__NS_Nonlinear__fixed_fir3__ds102__ts0__it2000,0.030924849891536328,0,27.018665999989025
0.507457160894661,0.7159090909090909,Stat+Nonlinear,,0.0,0,0.5,0.08696532994508743,,0.007575951050966978,2000,0.3181818181818182,adaptive_fir,0.009958164766430855,gpu_d2_it2000_bounded,d2__Stat_Nonlinear__adaptive_fir__ds0__ts0__it2000,0.03115183514914716,0,48.58543129998725
0.5586290071584188,0.7708333333333333,Stat+Nonlinear,,0.0,101,0.5,0.06862841546535492,,0.001986732939258218,2000,0.375,adaptive_fir,0.010973810218274593,gpu_d2_it2000_bounded,d2__Stat_Nonlinear__adaptive_fir__ds101__ts0__it2000,0.015321728541865504,0,47.84822289994918
0.6655438311688311,0.8846153846153846,Stat+Nonlinear,,0.0,102,0.5,0.06846758723258972,,0.0021091019734740257,2000,0.4230769230769231,adaptive_fir,0.013322149403393269,gpu_d2_it2000_bounded,d2__Stat_Nonlinear__adaptive_fir__ds102__ts0__it2000,0.013788672661771358,0,48.41551179997623
0.31212784535152954,0.5909090909090909,Stat+Nonlinear,,0.0,0,0.375,,,0.0,2000,0.14772727272727273,baseline,0.00870927982032299,gpu_d2_it2000_bounded,d2__Stat_Nonlinear__baseline__ds0__ts0__it2000,0.0,0,23.26529680006206
0.5781635802469136,0.7291666666666669,Stat+Nonlinear,,0.0,101,0.5,,,0.0,2000,0.375,baseline,0.010102374479174614,gpu_d2_it2000_bounded,d2__Stat_Nonlinear__baseline__ds101__ts0__it2000,0.0,0,21.901593600050546
0.5802760577915377,0.7019230769230769,Stat+Nonlinear,,0.0,102,0.5,,,0.0,2000,0.4230769230769231,baseline,0.012046569027006626,gpu_d2_it2000_bounded,d2__Stat_Nonlinear__baseline__ds102__ts0__it2000,0.0,0,21.931482700048946
0.4133698629586787,0.7329545454545454,Stat+Nonlinear,,0.0,0,0.375,,,0.006565785501152277,2000,0.14772727272727273,fixed_fir3,0.009190810844302177,gpu_d2_it2000_bounded,d2__Stat_Nonlinear__fixed_fir3__ds0__ts0__it2000,0.028673558897207706,0,26.94158090010751
0.30005931148202986,0.625,Stat+Nonlinear,,0.0,101,0.3333333333333333,,,0.006545834243297577,2000,0.16666666666666666,fixed_fir3,0.010066617280244827,gpu_d2_it2000_bounded,d2__Stat_Nonlinear__fixed_fir3__ds101__ts0__it2000,0.02706261726420915,0,26.79737349995412
0.4811378205128205,0.6923076923076924,Stat+Nonlinear,,0.0,102,0.5,,,0.006583712063729763,2000,0.4230769230769231,fixed_fir3,0.013023260980844498,gpu_d2_it2000_bounded,d2__Stat_Nonlinear__fixed_fir3__ds102__ts0__it2000,0.029655206604873315,0,26.984108500066213
0.4585081905220089,0.7215909090909092,NS+Linear,,0.0,0,0.5,,,0.0,2000,0.3181818181818182,baseline,0.00886236596852541,gpu_d2_contextual_it2000_bounded,d2__NS_Linear__baseline__ds0__ts0__it2000,0.0,0,23.232615899993107
0.32278992936887674,0.6319444444444444,NS+Linear,,0.0,101,0.5,,,0.0,2000,0.375,baseline,0.010368280112743378,gpu_d2_contextual_it2000_bounded,d2__NS_Linear__baseline__ds101__ts0__it2000,0.0,0,21.230676000006497
0.5995160884866768,0.7692307692307693,NS+Linear,,0.0,102,0.5,,,0.0,2000,0.4230769230769231,baseline,0.012686656787991524,gpu_d2_contextual_it2000_bounded,d2__NS_Linear__baseline__ds102__ts0__it2000,0.0,0,21.686922100023367
0.36942667164706633,0.7329545454545454,NS+Linear,3.0250015258789062,0.0,0,0.375,0.08153882622718811,0.022726625204086304,0.005394179839640856,2000,0.14772727272727273,contextual_fir,0.009857706725597382,gpu_d2_contextual_it2000_bounded,d2__NS_Linear__contextual_fir__ds0__ts0__it2000,0.025699318431955925,0,54.155525799957104
0.40884340297383776,0.6388888888888888,NS+Linear,4.216411113739014,0.0,101,0.3333333333333333,0.08701396733522415,0.03240083530545235,0.008405182510614395,2000,0.16666666666666666,contextual_fir,0.010290594771504402,gpu_d2_contextual_it2000_bounded,d2__NS_Linear__contextual_fir__ds101__ts0__it2000,0.03657127280536582,0,52.997120299958624
0.58164172783738,0.701923076923077,NS+Linear,4.175748348236084,0.0,102,0.5,0.09368896484375,0.03432582691311836,0.0113875363022089,2000,0.4230769230769231,contextual_fir,0.012769049033522606,gpu_d2_contextual_it2000_bounded,d2__NS_Linear__contextual_fir__ds102__ts0__it2000,0.03202365583636352,0,53.38508389994968
0.5139532342657342,0.7613636363636364,NS+Linear,,0.0,0,0.625,,,0.006595651153475046,2000,0.48863636363636365,fixed_fir3,0.009794937446713448,gpu_d2_contextual_it2000_bounded,d2__NS_Linear__fixed_fir3__ds0__ts0__it2000,0.030451874704271343,0,26.689225199981593
0.42750023454357816,0.7083333333333334,NS+Linear,,0.0,101,0.3333333333333333,,,0.006545079872012138,2000,0.16666666666666666,fixed_fir3,0.011338085867464542,gpu_d2_contextual_it2000_bounded,d2__NS_Linear__fixed_fir3__ds101__ts0__it2000,0.028216962372832777,0,26.71630460000597
0.5826636904761904,0.7115384615384616,NS+Linear,,0.0,102,0.5,,,0.006619324441999197,2000,0.4230769230769231,fixed_fir3,0.012642959132790565,gpu_d2_contextual_it2000_bounded,d2__NS_Linear__fixed_fir3__ds102__ts0__it2000,0.030118108733678928,0,26.856783300056122
0.5032563019840497,0.75,NS+Nonlinear,,0.0,0,0.5,,,0.0,2000,0.3181818181818182,baseline,0.00934757199138403,gpu_d2_contextual_it2000_bounded,d2__NS_Nonlinear__baseline__ds0__ts0__it2000,0.0,0,21.89078779995907
0.6531635802469136,0.7430555555555557,NS+Nonlinear,,0.0,101,0.5,,,0.0,2000,0.375,baseline,0.010874115861952305,gpu_d2_contextual_it2000_bounded,d2__NS_Nonlinear__baseline__ds101__ts0__it2000,0.0,0,21.282637999975123
0.5772418478260869,0.6826923076923078,NS+Nonlinear,,0.0,102,0.5,,,0.0,2000,0.4230769230769231,baseline,0.012638550251722336,gpu_d2_contextual_it2000_bounded,d2__NS_Nonlinear__baseline__ds102__ts0__it2000,0.0,0,21.33504949999042
0.38395661902095723,0.625,NS+Nonlinear,3.56693434715271,0.0,0,0.375,0.08797614276409149,0.02172781154513359,0.006616577506065369,2000,0.14772727272727273,contextual_fir,0.009738080203533173,gpu_d2_contextual_it2000_bounded,d2__NS_Nonlinear__contextual_fir__ds0__ts0__it2000,0.030854332685062567,0,53.63102309999522
0.4697971781305115,0.6666666666666667,NS+Nonlinear,4.157527446746826,0.0,101,0.5,0.07224556058645248,0.02143935114145279,0.005248920992016792,2000,0.375,contextual_fir,0.010175948031246662,gpu_d2_contextual_it2000_bounded,d2__NS_Nonlinear__contextual_fir__ds101__ts0__it2000,0.02380253861291077,0,53.25100399996154
0.6016504329004329,0.7596153846153847,NS+Nonlinear,3.5338528156280518,0.0,102,0.5,0.08643972128629684,0.025784458965063095,0.008825734257698059,2000,0.4230769230769231,contextual_fir,0.013404855504631996,gpu_d2_contextual_it2000_bounded,d2__NS_Nonlinear__contextual_fir__ds102__ts0__it2000,0.025720753091917355,0,53.6654432999203
0.3253758491035968,0.6761363636363636,NS+Nonlinear,,0.0,0,0.375,,,0.0065759154967963696,2000,0.14772727272727273,fixed_fir3,0.009932690300047398,gpu_d2_contextual_it2000_bounded,d2__NS_Nonlinear__fixed_fir3__ds0__ts0__it2000,0.028579763999119837,0,26.90131820004899
0.5142790688843321,0.7430555555555556,NS+Nonlinear,,0.0,101,0.6666666666666666,,,0.006551112048327923,2000,0.5833333333333334,fixed_fir3,0.01023941207677126,gpu_d2_contextual_it2000_bounded,d2__NS_Nonlinear__fixed_fir3__ds101__ts0__it2000,0.026504085769091613,0,26.83206419995986
0.6062400318979266,0.778846153846154,NS+Nonlinear,,0.0,102,0.5,,,0.006594980135560036,2000,0.4230769230769231,fixed_fir3,0.013130605220794678,gpu_d2_contextual_it2000_bounded,d2__NS_Nonlinear__fixed_fir3__ds102__ts0__it2000,0.030924849891536328,0,26.51645770005416
